{
  "version": 1,
  "root": {
    "ref": "o:1",
    "type": "t:1"
  },
  "objects": {
    "o:1": {
      "barcode": "FILISPEEN.AMONGUS",
      "title": "AMONGUS",
      "description": "",
      "unlockable": false,
      "redacted": false,
      "author": "FILISPEEN",
      "version": "0.0.0",
      "sdkVersion": "0.3.7-1748",
      "internal": false,
      "crates": [
        {
          "ref": "o:2",
          "type": "t:2"
        },
        {
          "ref": "o:3",
          "type": "t:3"
        }
      ],
      "tags": [],
      "changelogs": [],
      "isa": {
        "type": "t:1"
      }
    },
    "o:2": {
      "barcode": "FILISPEEN.AMONGUS.Spawnable.AMONGUS",
      "title": "AMONGUS",
      "description": "",
      "unlockable": false,
      "redacted": false,
      "mainAsset": "45d707089fedbe049a6c4d6eec8e8ed6",
      "tags": [],
      "packedAssets": [
        {
          "title": "PreviewMesh",
          "guid": "e13f9c3b4739cbe4aa9c7d69ea220849"
        }
      ],
      "colliderBounds": {
        "center": {
          "x": 0.0,
          "y": 0.0,
          "z": 0.0
        },
        "extents": {
          "x": 0.0,
          "y": 0.0,
          "z": 0.0
        }
      },
      "isa": {
        "type": "t:2"
      }
    },
    "o:3": {
      "barcode": "FILISPEEN.AMONGUS.Avatar.AMONGUS",
      "title": "AMONGUS",
      "description": "",
      "unlockable": false,
      "redacted": false,
      "mainAsset": "45d707089fedbe049a6c4d6eec8e8ed6",
      "tags": [],
      "packedAssets": [
        {
          "title": "PreviewMesh",
          "guid": "e13f9c3b4739cbe4aa9c7d69ea220849"
        }
      ],
      "colliderBounds": {
        "center": {
          "x": 0.0,
          "y": 0.0,
          "z": 0.0
        },
        "extents": {
          "x": 0.0,
          "y": 0.0,
          "z": 0.0
        }
      },
      "isa": {
        "type": "t:3"
      }
    }
  },
  "types": {
    "t:1": {
      "type": "t:1",
      "fullname": "SLZ.Marrow.Warehouse.Pallet, SLZ.Marrow.SDK, Version=0.0.0.0, Culture=neutral, PublicKeyToken=null"
    },
    "t:2": {
      "type": "t:2",
      "fullname": "SLZ.Marrow.Warehouse.SpawnableCrate, SLZ.Marrow.SDK, Version=0.0.0.0, Culture=neutral, PublicKeyToken=null"
    },
    "t:3": {
      "type": "t:3",
      "fullname": "SLZ.Marrow.Warehouse.AvatarCrate, SLZ.Marrow.SDK, Version=0.0.0.0, Culture=neutral, PublicKeyToken=null"
    }
  }
}