{
  "version": 1,
  "root": {
    "ref": "o:1",
    "type": "t:1"
  },
  "objects": {
    "o:1": {
      "barcode": "meowsandstuff.SenatorArmstrong",
      "title": "Senator Armstrong",
      "description": "Adds Senator Armstrong to BONELAB Gear Rising: Revengeance.",
      "unlockable": false,
      "redacted": false,
      "author": "meowsandstuff",
      "version": "3.0.0",
      "sdkVersion": "0.3.4-1649",
      "internal": false,
      "crates": [
        {
          "ref": "o:2",
          "type": "t:2"
        },
        {
          "ref": "o:3",
          "type": "t:2"
        }
      ],
      "tags": [],
      "changelogs": [],
      "isa": {
        "type": "t:1"
      }
    },
    "o:2": {
      "barcode": "meowsandstuff.SenatorArmstrong.Avatar.SenatorArmstrong",
      "title": "Senator Armstrong",
      "description": "",
      "unlockable": false,
      "redacted": false,
      "mainAsset": "b87db08230e0071428754a555de5d3c5",
      "tags": [],
      "packedAssets": [
        {
          "title": "PreviewMesh",
          "guid": "399b41ec3be2b6545871c17a4491919c"
        }
      ],
      "colliderBounds": {
        "center": {
          "x": 0.0,
          "y": 0.0,
          "z": 0.0
        },
        "extents": {
          "x": 0.0,
          "y": 0.0,
          "z": 0.0
        }
      },
      "isa": {
        "type": "t:2"
      }
    },
    "o:3": {
      "barcode": "meowsandstuff.SenatorArmstrong.Avatar.SenatorArmstrongNoVoice",
      "title": "Senator Armstrong (No Voice)",
      "description": "",
      "unlockable": false,
      "redacted": false,
      "mainAsset": "6fb545f4c4f3e46448ef0143c00020a1",
      "tags": [],
      "packedAssets": [
        {
          "title": "PreviewMesh",
          "guid": "bb915e8ed3900a640a5304868f235ef1"
        }
      ],
      "colliderBounds": {
        "center": {
          "x": 0.0,
          "y": 0.0,
          "z": 0.0
        },
        "extents": {
          "x": 0.0,
          "y": 0.0,
          "z": 0.0
        }
      },
      "isa": {
        "type": "t:2"
      }
    }
  },
  "types": {
    "t:1": {
      "type": "t:1",
      "fullname": "SLZ.Marrow.Warehouse.Pallet, SLZ.Marrow.SDK, Version=0.0.0.0, Culture=neutral, PublicKeyToken=null"
    },
    "t:2": {
      "type": "t:2",
      "fullname": "SLZ.Marrow.Warehouse.AvatarCrate, SLZ.Marrow.SDK, Version=0.0.0.0, Culture=neutral, PublicKeyToken=null"
    }
  }
}