{
  "version": 1,
  "root": {
    "ref": "o:1",
    "type": "t:1"
  },
  "objects": {
    "o:1": {
      "barcode": "SomethingUnderscore.M16VietnamV4",
      "title": "M16VietnamV4",
      "description": "",
      "unlockable": false,
      "redacted": false,
      "author": "SomethingUnderscore",
      "version": "0.0.0",
      "sdkVersion": "0.3.7-1748",
      "internal": false,
      "crates": [
        {
          "ref": "o:2",
          "type": "t:2"
        },
        {
          "ref": "o:3",
          "type": "t:2"
        }
      ],
      "tags": [],
      "changelogs": [],
      "isa": {
        "type": "t:1"
      }
    },
    "o:2": {
      "barcode": "SomethingUnderscore.M16VietnamV4.Spawnable.M16Vietnam",
      "title": "M16 Vietnam",
      "description": "",
      "unlockable": false,
      "redacted": false,
      "mainAsset": "26f95a0e64520f041b3675c0eebbaaaa",
      "tags": [
        "Gun"
      ],
      "packedAssets": [
        {
          "title": "PreviewMesh",
          "guid": "66e656ae65585864e9edec4b5d39a378"
        }
      ],
      "colliderBounds": {
        "center": {
          "x": 3.7252903E-09,
          "y": -0.0295356959,
          "z": 0.08757296
        },
        "extents": {
          "x": 0.01974243,
          "y": 0.0954838246,
          "z": 0.3893995
        }
      },
      "isa": {
        "type": "t:2"
      }
    },
    "o:3": {
      "barcode": "SomethingUnderscore.M16VietnamV4.Spawnable.M16VietnamMag",
      "title": "M16 Vietnam Mag",
      "description": "",
      "unlockable": false,
      "redacted": false,
      "mainAsset": "6bb62e4c9e46bdd46aa63f130b6bb0e4",
      "tags": [
        "Ammo"
      ],
      "packedAssets": [
        {
          "title": "PreviewMesh",
          "guid": "a5aa2da8d1b908a478739250e8380f27"
        }
      ],
      "colliderBounds": {
        "center": {
          "x": 0.0,
          "y": 0.00610003062,
          "z": 0.07999997
        },
        "extents": {
          "x": 0.02,
          "y": 0.02,
          "z": 0.0199999977
        }
      },
      "isa": {
        "type": "t:2"
      }
    }
  },
  "types": {
    "t:1": {
      "type": "t:1",
      "fullname": "SLZ.Marrow.Warehouse.Pallet, SLZ.Marrow.SDK, Version=0.0.0.0, Culture=neutral, PublicKeyToken=null"
    },
    "t:2": {
      "type": "t:2",
      "fullname": "SLZ.Marrow.Warehouse.SpawnableCrate, SLZ.Marrow.SDK, Version=0.0.0.0, Culture=neutral, PublicKeyToken=null"
    }
  }
}